thread_id,ip,mem_addr,access_type,size
0,94037087326216,94037087338472,0,8
0,94037087326629,139737308219240,0,8
0,94037087326671,140730114800800,0,8
0,94037087326356,94037087338448,0,8
0,94037087326839,140730114800392,1,8
0,94037087326884,140730114800000,1,4
0,94037087326884,140730114800004,1,4
0,94037087326884,140730114800008,1,4
0,94037087326884,140730114800012,1,4
0,94037087326884,140730114800016,1,4
0,94037087326884,140730114800020,1,4
0,94037087326884,140730114800024,1,4
0,94037087326884,140730114800028,1,4
0,94037087326884,140730114800032,1,4
0,94037087326884,140730114800036,1,4
0,94037087326884,140730114800040,1,4
0,94037087326884,140730114800044,1,4
0,94037087326884,140730114800048,1,4
0,94037087326884,140730114800052,1,4
0,94037087326884,140730114800056,1,4
0,94037087326884,140730114800060,1,4
0,94037087326884,140730114800064,1,4
0,94037087326884,140730114800068,1,4
0,94037087326884,140730114800072,1,4
0,94037087326884,140730114800076,1,4
0,94037087326884,140730114800080,1,4
0,94037087326884,140730114800084,1,4
0,94037087326884,140730114800088,1,4
0,94037087326884,140730114800092,1,4
0,94037087326884,140730114800096,1,4
0,94037087326884,140730114800100,1,4
0,94037087326884,140730114800104,1,4
0,94037087326884,140730114800108,1,4
0,94037087326884,140730114800112,1,4
0,94037087326884,140730114800116,1,4
0,94037087326884,140730114800120,1,4
0,94037087326884,140730114800124,1,4
0,94037087326884,140730114800128,1,4
0,94037087326884,140730114800132,1,4
0,94037087326884,140730114800136,1,4
0,94037087326884,140730114800140,1,4
0,94037087326884,140730114800144,1,4
0,94037087326884,140730114800148,1,4
0,94037087326884,140730114800152,1,4
0,94037087326884,140730114800156,1,4
0,94037087326884,140730114800160,1,4
0,94037087326884,140730114800164,1,4
0,94037087326884,140730114800168,1,4
0,94037087326884,140730114800172,1,4
0,94037087326884,140730114800176,1,4
0,94037087326884,140730114800180,1,4
0,94037087326884,140730114800184,1,4
0,94037087326884,140730114800188,1,4
0,94037087326884,140730114800192,1,4
0,94037087326884,140730114800196,1,4
0,94037087326884,140730114800200,1,4
0,94037087326884,140730114800204,1,4
0,94037087326884,140730114800208,1,4
0,94037087326884,140730114800212,1,4
0,94037087326884,140730114800216,1,4
0,94037087326884,140730114800220,1,4
0,94037087326884,140730114800224,1,4
0,94037087326884,140730114800228,1,4
0,94037087326884,140730114800232,1,4
0,94037087326884,140730114800236,1,4
0,94037087326884,140730114800240,1,4
0,94037087326884,140730114800244,1,4
0,94037087326884,140730114800248,1,4
0,94037087326884,140730114800252,1,4
0,94037087326884,140730114800256,1,4
0,94037087326884,140730114800260,1,4
0,94037087326884,140730114800264,1,4
0,94037087326884,140730114800268,1,4
0,94037087326884,140730114800272,1,4
0,94037087326884,140730114800276,1,4
0,94037087326884,140730114800280,1,4
0,94037087326884,140730114800284,1,4
0,94037087326884,140730114800288,1,4
0,94037087326884,140730114800292,1,4
0,94037087326884,140730114800296,1,4
0,94037087326884,140730114800300,1,4
0,94037087326884,140730114800304,1,4
0,94037087326884,140730114800308,1,4
0,94037087326884,140730114800312,1,4
0,94037087326884,140730114800316,1,4
0,94037087326884,140730114800320,1,4
0,94037087326884,140730114800324,1,4
0,94037087326884,140730114800328,1,4
0,94037087326884,140730114800332,1,4
0,94037087326884,140730114800336,1,4
0,94037087326884,140730114800340,1,4
0,94037087326884,140730114800344,1,4
0,94037087326884,140730114800348,1,4
0,94037087326884,140730114800352,1,4
0,94037087326884,140730114800356,1,4
0,94037087326884,140730114800360,1,4
0,94037087326884,140730114800364,1,4
0,94037087326884,140730114800368,1,4
0,94037087326884,140730114800372,1,4
0,94037087326884,140730114800376,1,4
0,94037087326884,140730114800380,1,4
0,94037087326884,140730114800384,1,4
0,94037087326884,140730114800388,1,4
0,94037087326884,140730114800392,1,4
0,94037087326884,140730114800396,1,4
0,94037087326925,140730114800000,0,4
0,94037087326925,140730114800004,0,4
0,94037087326925,140730114800008,0,4
0,94037087326925,140730114800012,0,4
0,94037087326925,140730114800016,0,4
0,94037087326925,140730114800020,0,4
0,94037087326925,140730114800024,0,4
0,94037087326925,140730114800028,0,4
0,94037087326925,140730114800032,0,4
0,94037087326925,140730114800036,0,4
0,94037087326925,140730114800040,0,4
0,94037087326925,140730114800044,0,4
0,94037087326925,140730114800048,0,4
0,94037087326925,140730114800052,0,4
0,94037087326925,140730114800056,0,4
0,94037087326925,140730114800060,0,4
0,94037087326925,140730114800064,0,4
0,94037087326925,140730114800068,0,4
0,94037087326925,140730114800072,0,4
0,94037087326925,140730114800076,0,4
0,94037087326925,140730114800080,0,4
0,94037087326925,140730114800084,0,4
0,94037087326925,140730114800088,0,4
0,94037087326925,140730114800092,0,4
0,94037087326925,140730114800096,0,4
0,94037087326925,140730114800100,0,4
0,94037087326925,140730114800104,0,4
0,94037087326925,140730114800108,0,4
0,94037087326925,140730114800112,0,4
0,94037087326925,140730114800116,0,4
0,94037087326925,140730114800120,0,4
0,94037087326925,140730114800124,0,4
0,94037087326925,140730114800128,0,4
0,94037087326925,140730114800132,0,4
0,94037087326925,140730114800136,0,4
0,94037087326925,140730114800140,0,4
0,94037087326925,140730114800144,0,4
0,94037087326925,140730114800148,0,4
0,94037087326925,140730114800152,0,4
0,94037087326925,140730114800156,0,4
0,94037087326925,140730114800160,0,4
0,94037087326925,140730114800164,0,4
0,94037087326925,140730114800168,0,4
0,94037087326925,140730114800172,0,4
0,94037087326925,140730114800176,0,4
0,94037087326925,140730114800180,0,4
0,94037087326925,140730114800184,0,4
0,94037087326925,140730114800188,0,4
0,94037087326925,140730114800192,0,4
0,94037087326925,140730114800196,0,4
0,94037087326925,140730114800200,0,4
0,94037087326925,140730114800204,0,4
0,94037087326925,140730114800208,0,4
0,94037087326925,140730114800212,0,4
0,94037087326925,140730114800216,0,4
0,94037087326925,140730114800220,0,4
0,94037087326925,140730114800224,0,4
0,94037087326925,140730114800228,0,4
0,94037087326925,140730114800232,0,4
0,94037087326925,140730114800236,0,4
0,94037087326925,140730114800240,0,4
0,94037087326925,140730114800244,0,4
0,94037087326925,140730114800248,0,4
0,94037087326925,140730114800252,0,4
0,94037087326925,140730114800256,0,4
0,94037087326925,140730114800260,0,4
0,94037087326925,140730114800264,0,4
0,94037087326925,140730114800268,0,4
0,94037087326925,140730114800272,0,4
0,94037087326925,140730114800276,0,4
0,94037087326925,140730114800280,0,4
0,94037087326925,140730114800284,0,4
0,94037087326925,140730114800288,0,4
0,94037087326925,140730114800292,0,4
0,94037087326925,140730114800296,0,4
0,94037087326925,140730114800300,0,4
0,94037087326925,140730114800304,0,4
0,94037087326925,140730114800308,0,4
0,94037087326925,140730114800312,0,4
0,94037087326925,140730114800316,0,4
0,94037087326925,140730114800320,0,4
0,94037087326925,140730114800324,0,4
0,94037087326925,140730114800328,0,4
0,94037087326925,140730114800332,0,4
0,94037087326925,140730114800336,0,4
0,94037087326925,140730114800340,0,4
0,94037087326925,140730114800344,0,4
0,94037087326925,140730114800348,0,4
0,94037087326925,140730114800352,0,4
0,94037087326925,140730114800356,0,4
0,94037087326925,140730114800360,0,4
0,94037087326925,140730114800364,0,4
0,94037087326925,140730114800368,0,4
0,94037087326925,140730114800372,0,4
0,94037087326925,140730114800376,0,4
0,94037087326925,140730114800380,0,4
0,94037087326925,140730114800384,0,4
0,94037087326925,140730114800388,0,4
0,94037087326925,140730114800392,0,4
0,94037087326925,140730114800396,0,4
0,94037087326340,94037087338440,0,8
0,94037087326980,139737308219240,0,8
0,94037087326532,94037087338512,0,1
0,94037087326542,94037087338488,0,8
0,94037087326555,94037087338504,0,8
0,94037087326308,94037087338488,0,8
0,94037087326572,94037087338512,1,1
